link,campaign,name
https://www.youtube.com/watch?v=7iJJeH-IU4U&ab_channel=Simi,pazljivo,
https://www.youtube.com/watch?v=36p7-fUZ4_k&ab_channel=JU%C5%BDNIVETARGAS,pazljivo,
https://www.youtube.com/watch?v=AnZcWgXZOKM&ab_channel=DrakeVEVO,pazljivo,
https://www.youtube.com/watch?v=BqucGvLxrEk&ab_channel=CentralCee,pazljivo,
https://www.youtube.com/watch?v=-OWJiO4RGGQ,pazljivo,
https://www.youtube.com/watch?v=IMf7qjzTPwQ&ab_channel=IDJVideos.TV,10jeali,
https://www.youtube.com/watch?v=VwCWjGubK6w&ab_channel=IDJVideos.TV,10jeali,
https://www.youtube.com/watch?v=BepF4Ljs2Wo&ab_channel=IDJVideos.TV,10jeali,
https://www.youtube.com/watch?v=k64IMRA2oAE&ab_channel=CrhymeTV,yugofreestyle2,
https://www.youtube.com/watch?v=wbLpd_fquTg&ab_channel=CrhymeTV,yugofreestyle2,
https://www.youtube.com/watch?v=4SvdaWekDJI&ab_channel=CrhymeTV,yugofreestyle2,
https://www.youtube.com/watch?v=8KX7LS6BZPM&ab_channel=CrhymeTV,yugofreestyle2,
https://www.youtube.com/watch?v=SoImFhORKpg&ab_channel=CrhymeTV,yugofreestyle2,
https://www.youtube.com/watch?v=sqIwwV1bYaM&ab_channel=CrhymeTV,yugofreestyle2,
https://www.youtube.com/watch?v=qYRCiQ6d35w&ab_channel=CrhymeTV,yugofreestyle2,
https://www.youtube.com/watch?v=jXtlf9x7Fz4&ab_channel=MCSTOJAN,yugofreestyle2,
https://www.youtube.com/watch?v=nEtyAw8aSls&ab_channel=THCF,yugofreestyle2,
https://www.youtube.com/watch?v=I4Ra4z2Arqg&ab_channel=DBlockEuropeTV,pazljivo,
https://www.youtube.com/watch?v=f_T7cjSk8PE&ab_channel=DBlockEuropeTV,pazljivo,
https://www.youtube.com/watch?v=dNEAFH6riNQ&ab_channel=GProduction,yugofreestyle2,
https://www.youtube.com/watch?v=kyP1OUG4zw8&ab_channel=KDMExclusive,yugofreestyle2,
https://www.youtube.com/watch?v=qTRD0yIuxcQ&ab_channel=Desingerica,yugofreestyle2,
https://www.youtube.com/watch?v=XNEEPwNja_4,yugofreestyle2,
https://www.youtube.com/watch?v=SDLy2FagJEI,yugofreestyle2,
https://www.youtube.com/watch?v=P1f5IY2Jbps,yugofreestyle2,
https://www.youtube.com/watch?v=kS_DvUlrukk,dance,
https://www.youtube.com/watch?v=qJx4L4V6G5U&ab_channel=IMPERIA,dance,
https://www.youtube.com/watch?v=rrMiZO5gJHw&ab_channel=ViralCrunch,dance,
https://www.youtube.com/watch?v=N-Ccg9kisXI,dance,
https://www.youtube.com/watch?v=8_dXuS4QDJE,dance,
https://www.youtube.com/watch?v=kQcjD3S0o-8,dance,
https://www.youtube.com/watch?v=DUSFVvHKofo&ab_channel=IMPERIA,jalabrat,
https://www.youtube.com/watch?v=mX7Z9Nj5VuU&ab_channel=BassivityDigital,srceluduje,
https://www.youtube.com/watch?v=EDr6eIDpE4k&ab_channel=BassivityDigital,srceluduje,
https://www.youtube.com/watch?v=0OdpJGLPCGU&ab_channel=Ju%C5%BEnivetar,srceluduje,
https://www.youtube.com/watch?v=ag2ab-3OXGY,provozamo,praksa_provozamo
https://www.youtube.com/watch?v=bQ5A6fyZ_qM,provozamo,crazy_russian_street_drifting
https://www.youtube.com/watch?v=31kplxJn6nw,provozamo,midnight_run_1
https://www.youtube.com/watch?v=1rbJ0eoRVt0,provozamo,car_music_video
https://www.youtube.com/watch?v=RWbn6QQX284,ljubavnarepeat,casanova
https://www.youtube.com/watch?v=Ce3XGIcqN-Q,ljubavnarepeat,la_santa
https://www.youtube.com/watch?v=VwCWjGubK6w,ljubavnarepeat,teodora_aventador
https://www.youtube.com/watch?v=3NGR819QOn0,belebembare,bele_bembare
https://www.youtube.com/watch?v=P8pbarDRoXg,rari,rajke_1
https://www.youtube.com/watch?v=T0p19MZRjp4,rari,rajke_2
https://www.youtube.com/watch?v=_sds6i3MhL4,rari,rajke_3
https://www.youtube.com/watch?v=MjdEUX2ys-U,ljubavnarepeat,smiki_500e_dan
https://www.youtube.com/watch?v=uU0q_yChjKU,ljubavnarepeat,smiki_sad_opet_imam_sve
https://www.youtube.com/watch?v=4dA030PlMZ8,onazna,david_onazna
https://www.youtube.com/watch?v=4EK4E9nCeYI,onazna,lorayne_girl_dance
